,Age,Sex,Job,Housing,Saving accounts,Checking account,Credit amount,Duration,Purpose,Risk
401,28,male,2,own,,moderate,1887,18,business,good
625,35,male,2,own,,,1979,15,radio/TV,good
167,20,female,2,own,rich,moderate,1577,11,furniture/equipment,good
548,24,female,1,own,little,little,626,12,radio/TV,bad
924,55,male,2,own,little,little,6872,24,furniture/equipment,bad
409,28,male,2,own,quite rich,rich,939,12,car,bad
362,36,female,2,own,little,rich,2247,12,car,good
833,42,female,2,own,,moderate,5084,24,radio/TV,good
176,42,male,2,own,little,little,2577,12,furniture/equipment,good
687,30,male,2,free,moderate,moderate,2862,36,car,good
350,23,female,2,rent,little,,1236,9,domestic appliances,good
691,25,female,1,own,moderate,moderate,2631,15,repairs,good
786,40,male,2,own,quite rich,,2675,22,radio/TV,good
667,27,female,2,own,little,,3609,48,business,good
341,26,female,1,rent,little,little,3599,21,furniture/equipment,good
250,39,female,1,own,rich,little,666,6,car,good
338,28,male,2,own,little,little,4169,24,furniture/equipment,good
770,26,female,2,rent,,little,2812,24,car,good
314,29,male,1,own,,rich,1494,4,car,good
382,25,female,2,rent,,,1283,22,car,good
194,21,male,2,rent,moderate,moderate,3031,45,radio/TV,bad
710,32,male,3,own,quite rich,,629,18,radio/TV,good
542,31,male,2,own,,little,6350,30,furniture/equipment,bad
614,22,female,2,own,little,,1808,18,furniture/equipment,bad
497,40,male,2,own,little,,1585,24,furniture/equipment,good
927,39,male,2,free,little,little,10297,48,car,bad
38,37,male,2,own,little,rich,1225,10,domestic appliances,good
378,57,male,3,free,little,moderate,14318,36,car,bad
110,31,male,2,own,moderate,moderate,1449,6,business,good
280,23,male,2,rent,rich,,3368,15,car,good
79,22,male,2,own,little,moderate,3832,30,furniture/equipment,good
450,30,male,3,own,,,11054,36,car,good
811,28,male,1,own,little,moderate,484,6,radio/TV,good
248,26,male,2,own,little,rich,1925,24,furniture/equipment,good
168,25,female,2,rent,little,,3972,24,furniture/equipment,good
247,35,male,2,rent,moderate,,1204,6,car,good
104,26,male,2,rent,,,2445,12,car,good
238,35,female,2,own,little,,1291,12,radio/TV,good
877,28,male,2,own,little,,3595,36,radio/TV,good
809,26,female,0,rent,little,moderate,1778,15,car,bad
982,28,female,3,own,moderate,rich,2923,21,car,good
32,30,male,2,own,moderate,moderate,5866,18,car,good
677,24,male,2,own,moderate,moderate,5595,72,radio/TV,bad
821,24,male,2,own,little,rich,3016,12,radio/TV,good
101,24,male,2,rent,little,moderate,2323,36,radio/TV,good
234,42,male,1,own,little,,1544,4,radio/TV,good
999,27,male,2,own,moderate,moderate,4576,45,car,good
563,37,male,2,free,,moderate,12389,36,car,bad
990,37,male,1,own,,,3565,12,education,good
680,56,female,2,own,little,,1538,6,education,good
291,28,male,3,rent,little,moderate,9398,36,car,bad
854,45,male,2,own,little,,10875,36,car,good
278,32,female,2,own,little,,4611,6,furniture/equipment,bad
979,25,male,2,rent,moderate,moderate,1264,15,car,bad
956,49,male,1,own,,rich,3656,30,radio/TV,good
984,30,male,1,own,little,,2028,24,furniture/equipment,good
736,23,female,3,rent,little,moderate,11560,24,car,bad
375,37,female,2,rent,little,little,7685,48,business,bad
585,20,female,2,rent,little,little,2039,18,furniture/equipment,bad
762,24,male,1,own,little,little,2214,12,radio/TV,good
371,33,male,2,own,little,,6070,18,radio/TV,good
695,50,male,2,rent,quite rich,,1236,6,car,good
629,64,male,1,own,,,3832,9,education,good
25,36,male,1,own,little,little,1374,6,furniture/equipment,good
14,28,female,2,rent,little,little,1403,15,car,good
229,22,male,2,free,little,little,3149,24,furniture/equipment,good
60,27,male,2,own,little,moderate,1391,9,business,good
668,43,male,2,rent,little,little,4843,12,car,bad
492,27,female,2,own,moderate,,1237,6,radio/TV,good
930,24,male,1,own,little,little,1747,24,furniture/equipment,good
966,23,male,1,own,quite rich,moderate,2520,27,radio/TV,bad
173,33,male,2,own,little,moderate,1414,8,radio/TV,good
433,33,male,2,own,little,,2058,24,repairs,good
565,23,female,2,rent,moderate,moderate,1553,24,radio/TV,good
63,25,male,2,own,little,moderate,14421,48,business,bad
600,45,female,2,own,little,moderate,2329,7,radio/TV,good
180,28,male,2,own,little,,9572,36,business,bad
717,32,male,3,free,little,,1505,18,radio/TV,good
249,22,female,2,rent,little,,433,18,radio/TV,bad
358,28,male,2,own,little,,776,12,radio/TV,good
128,34,male,3,own,little,moderate,1860,12,car,good
418,31,female,3,own,quite rich,,2782,21,car,good
359,23,female,2,rent,little,little,2406,30,furniture/equipment,bad
638,34,female,2,own,little,,1493,12,radio/TV,good
201,27,male,1,own,little,little,1168,12,car,good
724,21,female,2,rent,little,,2570,27,car,bad
800,54,male,2,free,little,,1597,24,education,good
451,29,female,2,own,little,,518,6,radio/TV,good
651,37,male,1,own,little,moderate,1922,12,furniture/equipment,bad
577,33,female,2,own,,,1927,24,education,good
334,23,male,2,rent,little,little,4110,24,furniture/equipment,bad
87,47,male,2,free,moderate,moderate,12612,36,education,bad
812,24,male,2,own,little,little,9629,36,car,bad
938,42,male,2,free,little,moderate,6288,60,education,bad
572,26,female,3,rent,,,5433,24,car,good
455,29,female,3,own,little,,2679,24,car,good
562,29,female,2,own,little,rich,683,6,radio/TV,good
822,41,male,2,own,little,little,2712,36,furniture/equipment,bad
804,24,female,0,rent,,moderate,7472,12,car,good
276,26,female,2,own,little,,2404,18,radio/TV,good
391,19,female,1,rent,rich,moderate,983,12,furniture/equipment,good
601,30,female,2,own,little,moderate,918,9,furniture/equipment,bad
353,28,male,2,rent,little,little,6199,12,radio/TV,bad
471,23,female,2,own,little,little,448,6,education,bad
28,34,male,2,own,little,moderate,2415,7,radio/TV,good
67,22,male,2,own,rich,moderate,1007,12,car,good
685,34,male,2,free,,,6527,60,car,good
513,20,male,2,rent,little,moderate,585,12,radio/TV,good
65,48,male,2,own,,,5190,27,repairs,good
297,45,male,1,own,,,1287,10,car,good
36,31,male,2,free,little,,6110,48,education,good
274,34,male,1,own,little,little,11998,30,repairs,bad
472,28,male,1,own,little,little,654,9,car,bad
962,29,male,2,own,,,3556,15,car,good
834,25,female,1,own,little,rich,2327,15,radio/TV,bad
775,25,female,2,rent,,little,1371,24,car,bad
898,33,female,1,rent,,,2186,15,furniture/equipment,good
989,48,male,1,own,little,moderate,1743,24,radio/TV,good
824,35,male,3,own,little,,3780,18,furniture/equipment,good
460,37,male,2,own,little,little,3620,36,furniture/equipment,good
560,49,male,2,free,,little,2964,24,car,good
817,24,female,2,rent,little,,1554,6,radio/TV,good
895,31,male,3,own,,,8947,36,car,good
732,44,female,1,own,little,moderate,760,8,radio/TV,good
480,23,female,1,own,little,moderate,3573,12,radio/TV,good
915,32,female,3,own,little,moderate,18424,48,vacation/others,bad
993,30,male,3,own,little,little,3959,36,furniture/equipment,good
612,29,female,2,own,rich,little,3357,21,radio/TV,good
520,44,male,2,free,little,,5507,24,repairs,good
705,35,female,2,free,quite rich,,5324,15,car,good
410,20,female,2,own,little,moderate,1967,24,radio/TV,good
337,24,female,2,rent,,little,1275,15,domestic appliances,bad
75,66,male,3,free,little,little,1526,12,car,good
493,38,male,2,own,,moderate,368,6,radio/TV,good
495,20,male,2,own,,little,2996,24,furniture/equipment,bad
448,55,female,3,own,,rich,1424,12,furniture/equipment,good
880,38,male,3,own,little,,7814,24,car,good
443,41,male,1,own,little,,719,12,education,bad
13,60,male,1,own,little,little,1199,24,car,bad
296,20,female,2,rent,,,4675,12,car,good
995,31,female,1,own,little,,1736,12,furniture/equipment,good
509,45,male,3,own,moderate,,8588,39,car,good
807,65,male,2,own,,,930,12,radio/TV,good
205,38,male,3,free,little,little,10623,30,car,good
300,54,female,0,own,little,,672,6,car,good
533,26,male,2,own,moderate,,1311,24,radio/TV,good
963,35,male,2,own,quite rich,,2397,24,radio/TV,bad
435,25,male,2,own,,moderate,1484,12,radio/TV,bad
223,32,male,2,own,,,2978,24,business,good
881,48,male,2,free,,,9277,24,car,good
583,33,male,1,rent,little,moderate,2384,36,repairs,bad
246,52,male,2,own,little,,717,12,radio/TV,good
903,40,male,2,rent,,,1386,15,radio/TV,good
997,38,male,2,own,little,,804,12,radio/TV,good
394,31,male,3,own,little,,2406,9,furniture/equipment,good
781,60,male,2,own,rich,,1940,24,car,good
244,35,female,1,own,quite rich,,3447,12,education,good
256,35,male,1,own,little,,2684,24,radio/TV,good
365,36,male,2,own,little,,1542,12,business,good
98,36,male,2,own,little,moderate,2337,36,radio/TV,good
679,26,female,2,own,little,,1453,18,radio/TV,good
442,29,male,2,own,little,moderate,2629,20,vacation/others,good
23,44,male,2,own,moderate,moderate,1804,12,car,good
122,24,male,1,rent,little,,1768,12,furniture/equipment,good
18,44,female,3,free,little,moderate,12579,24,car,bad
537,37,female,2,own,little,moderate,3612,18,furniture/equipment,good
440,39,male,3,own,little,,1884,12,car,good
567,34,male,2,own,rich,,2578,24,radio/TV,good
367,22,female,2,rent,little,little,3650,18,furniture/equipment,good
830,44,male,2,own,quite rich,,2375,24,business,good
220,26,male,1,own,little,moderate,625,12,radio/TV,good
68,37,male,2,free,little,,1819,36,education,bad
411,35,male,3,own,little,,7253,33,car,good
146,39,female,2,own,little,little,860,6,car,good
452,34,male,2,own,little,,2759,12,furniture/equipment,good
76,34,male,2,own,little,little,3965,42,radio/TV,bad
704,32,female,2,own,little,moderate,2528,27,business,good
62,61,male,3,free,little,moderate,1953,36,business,bad
739,26,female,1,rent,moderate,moderate,4280,30,business,bad
988,29,male,3,free,little,little,6579,24,car,good
931,22,female,2,own,little,moderate,1670,9,radio/TV,bad
798,54,male,2,own,,,717,24,car,good
177,52,male,2,own,quite rich,little,338,6,radio/TV,good
500,27,female,2,own,little,little,3123,24,car,bad
275,32,male,2,own,little,,2697,9,radio/TV,good
522,53,male,2,free,little,little,7119,48,furniture/equipment,bad
748,26,male,2,own,,,5248,21,car,good
8,61,male,1,own,rich,,3059,12,radio/TV,good
829,38,male,2,free,,moderate,6681,48,business,good
490,26,male,2,own,little,,1934,12,radio/TV,good
891,46,male,2,own,little,,1829,15,radio/TV,good
561,24,male,1,rent,little,little,1546,24,radio/TV,bad
886,34,male,2,own,,moderate,2825,24,business,good
541,60,male,2,free,little,,2032,24,car,good
441,30,female,2,own,little,little,1620,12,furniture/equipment,good
703,41,male,2,own,moderate,moderate,2503,30,business,good
913,28,male,2,own,rich,,2142,11,business,good
85,29,female,3,own,little,,1412,12,business,good
141,30,female,3,own,little,moderate,4795,36,radio/TV,good
674,41,male,1,own,quite rich,,2580,21,business,bad
785,35,male,1,own,rich,moderate,1941,18,business,good
72,51,male,3,free,little,little,1164,8,vacation/others,good
957,37,male,1,own,little,moderate,1154,9,radio/TV,good
121,41,female,3,rent,little,,3868,24,car,good
644,32,male,3,own,little,little,1880,18,radio/TV,good
46,39,male,2,own,quite rich,,2299,36,radio/TV,good
684,31,male,1,own,moderate,moderate,9857,36,business,good
607,50,female,2,free,moderate,moderate,2671,36,radio/TV,bad
568,41,male,2,own,,moderate,3979,48,radio/TV,good
458,27,female,2,own,little,little,343,6,domestic appliances,good
592,36,female,1,own,rich,,1572,21,business,good
327,34,female,2,own,rich,,1525,24,car,good
142,27,male,3,own,little,little,3416,27,radio/TV,good
485,47,male,3,own,little,moderate,1209,6,car,bad
389,27,female,2,own,little,,1449,9,business,good
438,65,male,0,own,little,little,3394,42,repairs,good
566,36,male,2,own,little,little,1372,12,car,bad
169,31,male,2,own,little,moderate,1935,24,business,bad
744,30,male,3,own,,little,14179,39,furniture/equipment,good
293,56,male,2,free,little,rich,4796,42,car,good
950,40,male,0,own,little,moderate,3590,18,business,good
134,21,female,2,own,moderate,,10144,60,radio/TV,good
874,29,male,1,own,little,little,3590,12,furniture/equipment,good
323,28,male,2,own,rich,little,2659,18,furniture/equipment,good
421,30,male,2,own,,moderate,2028,12,car,good
878,27,male,3,free,little,little,1422,9,car,bad
387,40,male,3,own,little,moderate,7374,18,furniture/equipment,good
31,27,male,2,own,little,little,4020,24,furniture/equipment,good
624,65,male,2,free,little,little,2600,18,radio/TV,bad
37,37,male,2,own,little,rich,2100,18,radio/TV,bad
876,36,male,3,free,little,little,1940,18,radio/TV,good
968,29,male,2,rent,,,7166,42,radio/TV,good
718,31,male,2,own,,rich,3148,24,radio/TV,good
728,59,female,2,rent,little,moderate,6416,48,business,bad
855,33,male,2,own,moderate,,1474,24,car,good
290,26,male,2,own,little,,1076,12,business,good
298,43,male,2,own,little,,2515,18,furniture/equipment,good
594,40,male,3,own,,little,1358,24,vacation/others,bad
225,27,male,2,own,little,,2613,36,repairs,good
857,28,male,2,free,little,,3343,15,furniture/equipment,good
66,29,female,2,own,little,,2171,12,radio/TV,good
745,28,male,1,own,little,little,1797,13,business,good
508,28,male,2,own,little,,1413,24,radio/TV,good
284,37,male,2,own,moderate,moderate,3878,24,car,good
939,46,male,3,own,,,6842,24,car,good
799,35,male,0,own,,moderate,1549,9,car,good
675,26,female,3,rent,little,,4530,30,radio/TV,good
322,34,male,3,free,little,little,2910,24,car,good
574,27,male,1,own,little,moderate,1082,9,radio/TV,good
413,40,male,1,rent,quite rich,,1597,10,car,good
826,33,female,2,rent,little,little,3966,18,car,bad
165,32,male,2,own,quite rich,,2978,6,furniture/equipment,good
659,41,male,2,own,little,moderate,6361,18,furniture/equipment,good
377,36,male,2,free,,,846,7,radio/TV,good
198,36,male,2,free,,moderate,2760,24,car,good
482,57,female,2,rent,rich,little,3622,30,furniture/equipment,good
288,49,female,2,own,little,moderate,1092,12,radio/TV,good
5,35,male,1,free,,,9055,36,education,good
723,66,female,1,own,quite rich,moderate,790,9,radio/TV,good
731,21,male,1,rent,little,little,1987,24,radio/TV,bad
216,31,male,2,own,little,little,3104,18,business,good
456,36,male,2,rent,little,little,3905,11,car,good
308,24,female,2,own,little,moderate,1237,8,furniture/equipment,bad
318,32,male,2,own,little,,701,12,education,good
1,22,female,2,own,little,moderate,5951,48,radio/TV,bad
71,46,male,1,rent,,,730,7,radio/TV,good
152,24,male,2,own,little,rich,5848,36,radio/TV,good
292,44,female,3,free,little,little,6419,24,car,good
368,42,male,2,own,little,little,3446,36,furniture/equipment,bad
810,26,male,2,own,little,moderate,907,8,business,good
380,39,male,2,own,,little,2212,20,furniture/equipment,good
998,23,male,2,free,little,little,1845,45,radio/TV,bad
654,35,male,2,own,little,,2346,24,car,good
617,37,male,2,rent,little,little,3676,6,car,good
487,62,female,2,free,little,,3757,24,car,good
419,33,female,2,own,,moderate,1042,18,car,bad
459,32,male,2,own,little,,4594,18,radio/TV,good
996,40,male,3,own,little,little,3857,30,car,good
808,55,male,3,free,little,moderate,9283,42,car,good
2,49,male,1,own,little,,2096,12,education,good
242,24,male,2,free,little,little,4605,48,car,bad
912,25,female,2,own,,moderate,2991,30,radio/TV,good
598,31,male,2,own,little,,2775,18,car,bad
53,31,male,2,own,,,3378,18,car,good
836,21,female,2,own,,,886,12,radio/TV,good
805,24,male,2,own,little,little,9271,36,car,bad
282,49,male,1,own,,rich,1445,18,radio/TV,good
143,22,male,2,own,little,little,2462,18,furniture/equipment,bad
116,30,female,3,own,,little,7174,42,radio/TV,bad
405,22,male,2,own,little,moderate,2039,24,radio/TV,bad
381,38,female,3,free,little,moderate,12976,18,car,bad
86,27,female,2,own,little,moderate,1295,18,furniture/equipment,good
224,30,male,2,own,little,,4657,15,car,good
581,49,male,1,own,little,moderate,3124,12,car,good
48,39,male,1,own,little,,7228,11,car,good
100,41,male,1,rent,moderate,,1469,24,car,good
787,38,male,2,own,,,2751,48,car,good
611,48,female,1,free,moderate,rich,1240,10,car,bad
621,32,male,2,own,little,,1530,18,car,bad
468,26,female,2,own,little,,2764,33,business,good
119,36,male,3,own,quite rich,moderate,2366,12,car,good
952,28,female,2,rent,quite rich,moderate,4113,24,car,bad
192,36,male,2,own,little,moderate,3915,27,business,bad
726,47,male,1,own,quite rich,,1316,15,radio/TV,good
873,24,female,2,own,,,874,15,domestic appliances,good
904,36,male,3,own,little,,1278,24,radio/TV,good
315,31,male,2,own,little,little,2746,36,furniture/equipment,bad
973,36,male,2,rent,little,little,7297,60,business,bad
715,63,male,2,own,,,7596,30,car,good
606,74,male,3,own,little,,4526,24,business,good
357,26,male,3,own,little,,4463,36,radio/TV,bad
595,32,female,1,own,moderate,moderate,931,6,car,bad
305,33,male,2,own,rich,,1543,6,furniture/equipment,good
657,37,male,2,own,,,10222,48,radio/TV,good
632,23,male,2,own,,moderate,1444,15,radio/TV,good
859,26,male,2,rent,moderate,,3577,9,car,good
531,28,female,2,rent,moderate,moderate,2631,15,car,bad
221,23,female,2,rent,,little,1200,12,education,good
174,26,male,2,own,little,little,3414,21,education,bad
692,29,male,2,own,moderate,moderate,2896,24,radio/TV,good
289,48,male,2,own,little,little,1024,24,radio/TV,bad
890,43,male,3,own,little,little,2442,27,business,good
820,27,male,2,own,little,,1101,12,car,good
673,24,male,2,own,quite rich,,2080,6,car,good
345,43,female,1,own,little,,1459,15,radio/TV,good
478,39,male,1,own,moderate,moderate,1037,12,business,good
536,75,female,3,own,,little,1374,6,car,good
61,50,male,2,own,,moderate,1537,15,radio/TV,good
883,65,female,0,own,little,,1098,18,radio/TV,good
511,32,male,3,free,little,,4686,36,car,good
354,46,male,2,free,quite rich,,727,10,education,good
733,28,female,2,rent,rich,,2603,24,car,good
918,33,male,2,own,moderate,little,2359,24,furniture/equipment,bad
795,22,female,2,rent,moderate,,2301,9,furniture/equipment,good
285,35,female,1,own,little,little,10722,47,car,good
970,22,male,2,own,moderate,moderate,1514,15,repairs,good
93,20,male,2,rent,,rich,3617,24,furniture/equipment,good
203,21,male,2,rent,little,little,902,12,education,bad
794,32,male,2,rent,quite rich,,3062,24,furniture/equipment,good
721,24,female,2,rent,rich,moderate,433,6,education,bad
761,24,female,2,rent,little,little,2124,18,furniture/equipment,bad
730,33,male,2,own,little,moderate,6403,24,radio/TV,good
103,35,male,2,rent,little,moderate,1919,9,furniture/equipment,good
815,54,female,2,rent,little,moderate,7432,36,car,good
39,24,male,2,own,little,moderate,458,9,radio/TV,good
671,31,male,2,own,moderate,,5742,36,business,good
570,23,female,1,rent,little,little,3234,24,furniture/equipment,bad
954,29,female,2,own,little,little,1893,12,car,good
783,23,female,1,own,moderate,moderate,836,12,car,bad
154,36,male,3,rent,moderate,moderate,6967,24,business,good
752,23,female,1,rent,moderate,moderate,841,12,business,good
884,43,male,2,own,little,moderate,4057,24,furniture/equipment,bad
646,32,male,2,own,little,little,4583,30,furniture/equipment,good
609,45,male,2,free,,,1300,15,car,good
476,24,male,2,own,quite rich,,2569,39,car,good
699,40,male,3,rent,little,rich,1905,15,education,good
832,29,male,2,rent,little,little,11816,45,business,bad
149,46,male,2,own,rich,,1582,18,radio/TV,good
945,30,female,2,own,quite rich,moderate,8358,48,car,good
153,29,female,2,rent,rich,moderate,7758,24,car,good
553,27,male,2,own,moderate,moderate,1995,12,car,good
643,33,male,2,own,little,,1851,24,radio/TV,good
605,22,male,2,own,quite rich,little,2828,24,furniture/equipment,good
488,35,male,1,rent,moderate,,1418,10,car,good
257,29,male,2,free,little,little,2149,12,radio/TV,bad
848,59,male,2,own,little,little,1364,9,radio/TV,good
906,24,male,1,own,,little,3763,21,car,good
306,24,female,1,rent,,,4811,30,car,good
126,40,male,1,own,little,little,701,12,radio/TV,good
189,33,female,2,own,little,moderate,3244,18,furniture/equipment,good
797,22,female,1,rent,little,,1258,12,furniture/equipment,good
540,23,male,2,rent,little,moderate,1534,12,radio/TV,bad
325,39,male,1,own,little,little,3398,8,car,good
580,30,male,2,own,little,moderate,1056,18,car,bad
4,53,male,2,free,little,little,4870,24,car,bad
550,23,female,2,own,,,996,12,repairs,good
932,30,male,2,own,little,,1224,9,car,good
590,58,female,1,own,little,little,385,12,radio/TV,good
265,37,male,2,own,little,moderate,802,15,radio/TV,bad
582,26,female,2,rent,little,,1388,9,furniture/equipment,good
390,30,male,3,own,little,,1820,18,car,good
867,42,male,2,own,little,,3331,12,furniture/equipment,good
660,23,male,2,rent,little,rich,1297,12,radio/TV,good
136,27,male,2,own,rich,,8613,27,car,good
49,28,female,2,own,moderate,,2073,12,radio/TV,good
372,23,female,2,rent,little,,2146,10,furniture/equipment,good
461,36,male,2,own,little,little,1721,15,car,good
304,44,male,2,free,quite rich,,10127,48,car,bad
634,25,female,1,own,little,moderate,1355,24,car,bad
575,24,female,2,own,little,,2788,15,furniture/equipment,good
842,23,female,2,own,little,,1943,18,repairs,bad
870,40,female,2,own,quite rich,,7678,36,furniture/equipment,good
106,39,male,3,own,little,,6458,18,car,bad
749,33,male,2,own,little,,3029,15,car,good
464,34,male,2,own,little,,1950,18,business,good
228,22,male,2,own,little,,1478,9,radio/TV,bad
909,33,female,1,own,,moderate,3195,9,car,good
7,35,male,3,rent,little,moderate,6948,36,car,good
432,36,male,3,free,little,little,1872,6,furniture/equipment,good
481,26,male,2,own,little,moderate,1201,24,car,good
948,43,male,1,own,little,,1533,18,furniture/equipment,bad
517,23,female,2,rent,little,,7127,36,furniture/equipment,bad
80,44,female,2,own,,,5943,24,radio/TV,bad
469,35,male,1,own,little,,4679,24,car,good
179,65,male,2,own,little,little,571,21,car,good
302,37,male,1,own,,rich,1344,24,car,bad
427,46,male,2,own,rich,,1149,18,radio/TV,good
114,35,male,2,own,quite rich,little,1680,12,radio/TV,good
266,36,male,2,own,,,6304,36,business,good
207,26,male,2,own,little,moderate,1424,12,domestic appliances,good
719,31,male,2,own,moderate,moderate,6148,20,car,good
243,27,female,2,own,little,,1185,12,business,good
980,49,male,2,own,little,moderate,8386,30,furniture/equipment,bad
227,53,male,3,free,little,little,7865,12,furniture/equipment,bad
164,36,male,2,own,quite rich,,909,36,car,good
879,36,male,2,own,,,6742,30,radio/TV,good
120,25,female,2,own,little,little,1835,21,radio/TV,bad
949,31,male,2,own,moderate,,3621,24,radio/TV,bad
602,34,female,1,free,little,moderate,1837,24,education,bad
262,36,male,3,free,little,little,5302,18,car,good
974,33,female,2,own,little,,2831,30,radio/TV,good
838,63,male,2,own,little,little,2957,24,car,good
823,47,male,1,own,little,little,731,8,car,good
764,27,male,2,own,moderate,,2463,24,car,good
681,37,male,2,free,,,2279,12,radio/TV,good
330,75,male,3,free,little,little,6615,24,car,good
865,20,female,2,rent,quite rich,,2221,15,furniture/equipment,good
801,48,female,1,rent,little,moderate,1795,18,radio/TV,good
231,51,male,1,free,quite rich,,2507,9,car,good
407,27,male,2,own,little,little,1053,15,radio/TV,good
45,35,female,3,own,little,,1393,11,car,good
339,31,male,1,own,little,moderate,1521,10,furniture/equipment,good
538,42,male,3,free,little,little,7763,48,car,bad
845,35,male,2,own,,moderate,3976,21,furniture/equipment,good
428,20,male,2,own,little,,1313,9,furniture/equipment,good
983,26,male,2,own,little,little,8229,36,car,bad
773,52,male,2,own,moderate,,2223,24,radio/TV,good
769,63,male,1,own,little,,1655,12,radio/TV,good
698,24,male,2,own,little,,1800,18,radio/TV,good
491,42,female,3,free,little,moderate,8318,27,business,bad
20,48,male,2,own,little,,2134,9,car,good
109,35,male,2,own,quite rich,moderate,1410,14,business,good
987,64,female,2,own,moderate,,1409,13,radio/TV,good
937,30,male,3,rent,little,moderate,2063,6,radio/TV,good
669,47,male,2,own,little,rich,3017,30,radio/TV,good
124,27,female,2,rent,,moderate,1924,18,furniture/equipment,bad
425,21,male,2,rent,little,moderate,2779,18,car,good
351,29,female,2,own,little,moderate,959,9,furniture/equipment,bad
43,24,male,2,rent,moderate,little,6187,30,car,good
831,23,female,2,rent,little,little,1216,18,car,bad
888,34,male,3,own,little,,6614,36,car,good
639,26,male,2,own,little,little,4370,42,radio/TV,bad
972,29,female,0,rent,little,little,1193,24,car,bad
806,26,male,1,own,little,moderate,590,6,radio/TV,good
599,32,male,2,free,little,,3863,24,business,good
750,49,female,2,own,little,little,428,6,furniture/equipment,good
58,23,female,3,own,little,rich,1961,18,car,good
977,42,male,2,own,,moderate,2427,18,business,good
412,42,male,3,own,little,,2292,12,business,bad
835,48,male,2,own,little,little,1082,12,car,bad
551,45,male,1,own,quite rich,,1750,6,radio/TV,good
473,36,male,3,own,,,1238,6,education,good
633,19,female,2,rent,little,,1980,9,furniture/equipment,bad
11,24,female,2,rent,little,little,4308,48,business,bad
277,49,male,1,own,,little,1262,12,furniture/equipment,good
552,34,male,2,own,little,little,6999,48,radio/TV,bad
813,54,male,2,own,little,little,3051,48,domestic appliances,bad
535,33,male,2,rent,little,rich,2319,21,education,bad
701,46,male,2,free,little,little,6331,48,car,bad
328,31,male,2,own,little,rich,4473,36,radio/TV,good
656,41,male,1,own,little,moderate,888,12,car,bad
332,24,female,3,own,moderate,moderate,7408,60,car,bad
226,27,male,2,own,rich,moderate,10961,48,radio/TV,bad
926,21,female,2,rent,little,little,1049,18,furniture/equipment,good
866,27,female,2,own,little,little,2389,18,radio/TV,good
588,47,male,1,own,little,little,1217,18,domestic appliances,bad
543,34,male,1,own,little,rich,2864,18,furniture/equipment,bad
894,29,male,2,own,,,1169,18,radio/TV,good
267,38,female,2,own,little,,1533,24,radio/TV,good
213,66,male,3,own,little,rich,1908,30,business,bad
779,67,female,2,own,little,moderate,3872,18,repairs,good
195,34,female,3,own,little,moderate,1501,9,education,bad
778,38,male,3,own,rich,,5711,36,car,good
253,35,male,2,own,moderate,,4151,24,furniture/equipment,good
792,27,male,2,own,,,1221,6,furniture/equipment,good
521,24,female,2,own,little,little,3190,18,radio/TV,bad
706,24,male,2,own,moderate,moderate,6560,48,car,bad
907,27,male,2,own,,moderate,3711,36,education,good
889,40,male,2,rent,,,7824,28,car,good
858,29,female,2,own,little,little,3959,15,car,bad
404,43,male,2,own,,moderate,2899,18,car,good
73,41,female,1,own,little,moderate,5954,42,business,good
757,39,male,2,free,,rich,1271,15,radio/TV,bad
370,36,male,2,own,,,3079,36,car,good
424,25,female,2,own,,moderate,2762,12,furniture/equipment,bad
348,34,male,1,own,moderate,,1743,6,business,good
127,30,male,2,own,little,moderate,639,12,repairs,bad
776,37,male,2,own,little,,3535,36,car,good
967,54,female,3,rent,little,,3568,15,radio/TV,good
558,27,male,2,own,little,little,3552,24,furniture/equipment,bad
648,38,male,2,free,little,rich,947,24,car,bad
518,43,male,2,own,moderate,little,1203,6,car,good
498,32,male,1,own,little,moderate,1301,18,radio/TV,good
766,31,male,1,own,little,little,3108,30,furniture/equipment,bad
755,32,female,2,rent,,little,1285,24,car,bad
392,39,male,3,free,little,little,3249,36,car,good
862,35,female,2,own,little,little,2439,24,radio/TV,bad
738,45,male,3,own,little,,6761,6,car,good
589,60,male,2,own,little,little,2246,12,furniture/equipment,bad
747,37,female,1,own,little,little,1274,12,car,bad
88,30,male,3,own,moderate,little,2249,18,car,good
544,61,male,1,own,little,,1255,12,car,good
751,23,female,1,own,little,little,976,18,car,bad
386,21,female,2,rent,,,1126,18,radio/TV,good
622,38,male,2,own,,,3914,48,business,bad
27,42,female,2,rent,rich,rich,409,12,radio/TV,good
653,42,male,3,own,moderate,moderate,8086,36,car,bad
212,50,male,2,own,little,little,5293,27,business,bad
564,37,male,3,own,,moderate,4712,24,business,good
197,27,female,2,rent,moderate,moderate,951,12,furniture/equipment,bad
160,36,male,2,own,moderate,,2872,24,radio/TV,good
186,74,female,3,free,little,moderate,5129,9,car,bad
959,30,male,2,free,moderate,moderate,3069,24,furniture/equipment,good
827,36,male,2,own,little,,4165,18,business,bad
910,34,female,2,own,little,,4454,36,radio/TV,good
934,23,female,2,own,little,little,1498,12,radio/TV,good
336,23,female,1,own,little,moderate,2101,13,radio/TV,good
439,26,female,0,own,little,rich,609,12,business,bad
905,20,male,3,rent,little,little,1107,12,radio/TV,good
12,22,female,2,own,little,moderate,1567,12,radio/TV,good
395,32,male,2,rent,moderate,moderate,11760,39,education,good
270,32,male,2,own,,,2662,18,car,good
875,40,female,2,own,rich,moderate,1322,11,car,good
185,31,male,2,own,little,,1360,15,radio/TV,good
693,44,male,1,own,,little,4716,6,car,good
317,48,female,1,own,,moderate,4351,24,furniture/equipment,good
384,26,male,1,own,moderate,,4272,30,business,good
158,38,male,2,own,moderate,moderate,3512,24,car,good
893,34,male,2,own,little,moderate,5800,36,car,good
897,35,female,2,own,rich,,1592,12,furniture/equipment,good
208,21,male,1,own,little,little,6568,24,business,good
70,30,female,2,own,little,,8133,36,car,good
211,45,female,1,own,,,3835,36,radio/TV,good
802,24,female,2,own,little,little,4272,20,furniture/equipment,good
159,34,male,1,own,,,1898,6,radio/TV,good
627,29,male,2,own,moderate,moderate,1437,9,car,bad
349,32,male,2,free,rich,moderate,1136,9,education,bad
215,39,female,1,own,,moderate,932,6,education,good
81,47,male,2,own,quite rich,,1213,15,radio/TV,good
259,57,female,1,own,moderate,,1154,11,radio/TV,good
42,44,male,1,own,little,moderate,6204,18,repairs,good
21,44,male,2,rent,quite rich,little,2647,6,radio/TV,good
780,25,male,2,own,little,moderate,4933,39,radio/TV,bad
251,46,female,1,own,little,rich,2251,12,furniture/equipment,good
975,57,female,1,own,quite rich,rich,1258,24,radio/TV,good
406,43,male,2,own,,,2197,24,car,good
361,37,male,3,own,,rich,3399,12,radio/TV,good
961,47,male,2,own,little,moderate,2353,21,car,good
96,61,female,2,own,,,2012,12,education,good
917,68,male,3,own,little,little,14896,6,car,bad
170,33,male,2,rent,little,little,950,15,car,bad
287,31,male,3,free,moderate,moderate,7582,48,vacation/others,good
57,31,female,2,own,little,,9566,36,radio/TV,good
214,51,male,2,own,,,3342,36,radio/TV,good
992,23,male,1,rent,,little,1936,18,radio/TV,good
819,26,male,2,own,little,little,1345,18,radio/TV,bad
515,37,female,2,own,little,little,609,6,car,good
969,40,male,1,own,little,little,3939,11,car,good
41,26,male,2,own,quite rich,moderate,1158,12,radio/TV,good
758,31,male,2,own,little,,1393,24,car,good
852,35,male,2,free,little,,1471,15,radio/TV,good
655,22,male,2,free,little,little,3973,14,car,good
311,25,male,2,own,moderate,,5511,24,furniture/equipment,good
333,24,female,1,rent,moderate,,11590,48,car,bad
943,42,male,1,own,little,,1455,4,car,good
615,48,male,3,own,,moderate,12204,48,business,good
92,33,female,1,own,,,797,12,radio/TV,bad
454,31,male,2,own,little,little,4817,24,car,bad
430,74,male,1,own,little,,3448,5,business,good
299,32,male,2,own,rich,moderate,2745,21,furniture/equipment,good
843,50,male,2,own,little,,1559,24,business,good
264,32,male,1,own,little,,1231,10,car,good
363,21,male,2,rent,little,,1766,6,furniture/equipment,good
689,31,male,2,own,rich,little,3651,12,car,good
434,25,male,2,own,little,little,2136,9,furniture/equipment,good
258,23,female,2,own,moderate,,3812,15,car,good
147,51,female,2,own,moderate,,682,12,car,good
510,26,male,2,own,little,little,759,12,car,bad
453,35,male,3,own,little,,2670,24,car,good
148,28,male,2,own,little,little,5371,36,furniture/equipment,good
597,36,male,1,own,little,moderate,4241,24,business,bad
319,27,female,1,own,little,little,3643,15,furniture/equipment,good
534,25,male,2,own,,,3105,24,radio/TV,good
771,25,female,3,own,little,little,8065,36,education,bad
596,23,female,2,rent,little,little,1442,24,car,bad
399,43,female,1,own,rich,,1516,24,radio/TV,good
255,27,male,1,own,,moderate,7418,60,radio/TV,good
737,35,male,1,own,moderate,little,4380,18,car,good
661,23,male,2,own,,little,900,12,car,bad
504,24,female,2,rent,little,little,1207,24,car,bad
111,23,female,2,rent,little,rich,392,15,education,good
444,30,female,3,own,little,moderate,5096,48,furniture/equipment,bad
547,32,male,2,own,little,,1552,24,radio/TV,good
702,47,female,2,free,moderate,rich,1377,24,radio/TV,good
324,36,female,2,own,little,,1028,18,car,good
329,28,male,2,own,little,moderate,1068,6,radio/TV,good
796,51,male,2,free,,little,7511,18,car,bad
373,63,male,3,free,,,13756,60,car,good
245,25,male,2,own,little,,1258,24,business,good
772,36,male,3,own,little,,3275,21,car,good
816,62,male,2,own,quite rich,,1338,6,domestic appliances,good
741,23,male,1,own,little,moderate,1048,10,radio/TV,good
887,23,male,2,own,little,moderate,15672,48,business,bad
139,44,female,1,rent,little,rich,1881,12,radio/TV,good
676,33,male,2,own,little,,5150,24,furniture/equipment,good
187,68,male,0,free,little,moderate,1175,16,car,good
35,25,male,1,own,little,moderate,4746,45,radio/TV,bad
303,49,male,2,own,little,little,1038,10,car,good
700,29,female,1,rent,quite rich,,1123,12,furniture/equipment,bad
77,51,male,2,own,little,moderate,4771,11,radio/TV,good
59,23,female,1,rent,little,little,6229,36,furniture/equipment,bad
6,53,male,2,own,quite rich,,2835,24,furniture/equipment,good
191,34,male,1,free,moderate,moderate,3844,48,business,bad
965,26,female,2,own,,moderate,1715,30,radio/TV,good
753,25,female,2,own,little,,5771,30,radio/TV,good
928,58,male,2,own,,,1867,30,radio/TV,good
569,31,female,2,own,little,little,6758,48,radio/TV,bad
494,39,male,1,rent,little,little,2122,12,car,good
682,33,male,2,own,little,,1478,15,radio/TV,good
501,42,male,2,free,little,little,5493,36,car,good
658,28,female,2,own,little,moderate,4221,30,business,good
628,36,male,2,own,quite rich,,4042,42,furniture/equipment,good
512,26,male,2,rent,little,rich,2687,15,business,good
64,26,female,2,own,little,,3181,24,radio/TV,good
199,40,male,3,own,little,moderate,4297,18,furniture/equipment,bad
156,48,male,2,own,moderate,little,1288,9,repairs,good
759,35,male,2,own,little,little,691,12,car,bad
178,31,male,3,rent,little,,1963,12,radio/TV,good
486,52,male,2,own,little,,3077,12,radio/TV,good
283,63,male,2,own,,,1520,15,furniture/equipment,good
756,74,male,0,own,little,rich,1299,6,car,good
462,34,female,3,rent,little,moderate,3017,12,furniture/equipment,good
237,61,male,1,rent,moderate,moderate,2767,21,business,bad
414,35,female,2,own,,little,1381,24,car,bad
616,27,male,3,free,,moderate,9157,60,radio/TV,good
944,46,female,2,rent,little,little,1845,15,furniture/equipment,good
447,35,male,2,own,little,moderate,2576,7,radio/TV,good
734,37,female,2,own,little,,3380,4,car,good
760,59,female,2,own,,,5045,15,car,good
489,26,male,2,rent,little,,3518,6,car,good
9,28,male,3,own,little,moderate,5234,30,car,bad
313,25,male,1,own,little,moderate,685,12,car,bad
83,58,female,1,own,little,little,1755,24,vacation/others,good
445,41,female,1,rent,,,1244,9,education,good
662,50,male,2,own,little,,2241,21,furniture/equipment,good
505,27,male,1,own,,,1309,10,car,bad
524,26,female,1,own,little,moderate,1113,18,radio/TV,good
369,40,female,2,rent,little,moderate,3001,18,furniture/equipment,good
649,40,male,1,rent,little,little,684,12,education,bad
235,30,male,3,own,little,little,1823,24,radio/TV,bad
964,22,male,1,own,little,moderate,454,6,repairs,good
839,46,male,2,own,little,,2611,24,radio/TV,good
157,45,male,1,own,little,little,339,12,education,good
137,66,male,1,own,quite rich,moderate,766,12,radio/TV,bad
219,64,female,2,own,little,,1364,10,car,good
16,53,male,2,own,,,2424,24,radio/TV,good
115,47,male,2,own,,,3578,48,radio/TV,good
175,53,female,3,own,,,7485,30,car,bad
388,27,male,2,own,quite rich,moderate,2326,15,business,good
788,50,male,2,free,little,moderate,6224,48,education,bad
690,25,male,2,own,little,little,975,15,furniture/equipment,good
465,63,male,2,own,little,little,2924,24,car,good
34,33,female,3,own,little,rich,1474,12,furniture/equipment,good
467,32,male,2,own,,,7238,48,radio/TV,good
593,20,female,1,rent,little,moderate,2718,24,car,bad
436,23,male,1,rent,quite rich,,660,6,repairs,good
936,28,female,1,own,little,rich,745,9,radio/TV,bad
239,39,male,2,own,little,little,2522,30,radio/TV,good
230,26,male,2,own,little,rich,4210,36,radio/TV,bad
953,26,female,3,own,little,,10974,36,furniture/equipment,bad
260,27,male,2,own,little,little,1657,12,furniture/equipment,good
626,41,male,2,own,little,rich,2116,6,furniture/equipment,good
484,44,male,2,own,quite rich,,1163,12,car,good
716,40,male,2,own,,,3077,30,radio/TV,good
449,61,male,2,own,rich,moderate,1512,15,repairs,bad
686,27,male,2,own,,rich,1347,10,radio/TV,good
976,64,female,2,own,little,moderate,753,6,radio/TV,good
955,57,female,3,rent,rich,little,1231,24,radio/TV,good
933,42,male,2,own,quite rich,,522,12,radio/TV,good
825,30,male,2,own,little,little,1602,21,car,good
347,23,female,0,rent,quite rich,moderate,3758,24,radio/TV,good
978,47,male,1,own,little,,2538,24,car,bad
340,24,female,2,free,little,moderate,5743,24,education,good
559,31,male,1,own,little,moderate,1928,18,furniture/equipment,bad
474,33,male,2,own,little,moderate,1245,18,radio/TV,bad
707,25,female,2,rent,little,moderate,2969,12,furniture/equipment,bad
423,34,male,3,own,moderate,,1591,21,furniture/equipment,good
183,50,male,2,own,rich,,3777,24,furniture/equipment,good
828,47,male,2,free,,little,8335,36,car,bad
892,38,male,1,own,little,little,2171,12,car,good
417,23,female,2,rent,,little,8471,18,education,good
869,24,female,2,rent,little,little,652,12,furniture/equipment,good
470,22,male,2,rent,moderate,moderate,3092,24,radio/TV,bad
33,57,male,1,rent,,,1264,12,business,good
129,29,female,2,own,little,little,3499,12,car,bad
144,23,female,2,own,little,,2288,21,furniture/equipment,good
82,24,female,1,rent,moderate,,1568,18,business,good
523,23,female,2,own,moderate,,3488,24,car,good
130,24,female,2,own,,moderate,8487,48,car,good
379,52,female,1,own,moderate,,362,6,car,good
528,31,male,2,rent,little,little,2302,36,radio/TV,bad
236,23,male,0,own,,moderate,14555,6,car,bad
161,30,female,2,own,little,,1055,18,car,good
99,36,male,3,rent,,moderate,7057,20,car,good
697,38,female,0,own,little,,926,12,car,good
182,40,male,1,own,,little,1647,21,car,bad
281,50,male,2,own,little,,1574,12,furniture/equipment,good
840,29,male,2,own,little,little,5179,36,furniture/equipment,bad
102,24,female,2,own,little,,932,6,radio/TV,good
645,27,male,2,rent,,,7980,36,business,bad
135,38,female,2,own,,,1240,12,radio/TV,good
383,26,male,2,own,little,rich,1330,12,car,good
252,24,female,2,own,little,moderate,2150,30,car,bad
670,27,male,1,own,moderate,,4139,24,business,good
376,34,male,2,own,little,,2320,18,radio/TV,good
640,27,female,0,own,little,little,750,18,education,bad
711,35,female,2,free,little,little,1198,6,education,bad
44,58,female,1,free,little,little,6143,48,car,bad
556,28,female,2,own,moderate,moderate,2278,18,car,bad
789,27,male,2,own,little,little,5998,40,education,bad
374,60,female,3,free,moderate,moderate,14782,60,vacation/others,bad
722,24,female,1,own,little,little,1228,12,car,bad
263,57,female,1,free,little,,2748,12,education,good
793,51,male,2,free,little,rich,2892,24,furniture/equipment,good
672,42,male,3,own,little,,10366,60,car,good
946,30,male,2,free,quite rich,little,3349,24,furniture/equipment,bad
286,26,male,2,own,little,little,4788,48,car,good
921,37,male,3,own,quite rich,,12749,48,radio/TV,good
272,36,male,3,free,,moderate,12169,48,car,good
586,36,male,2,rent,little,little,2799,9,car,good
714,27,male,3,own,little,moderate,14027,60,car,bad
922,22,female,2,rent,little,little,1366,9,radio/TV,bad
310,40,male,0,free,,moderate,5381,48,vacation/others,good
209,55,male,2,own,rich,,1413,12,car,good
420,20,female,2,rent,rich,,3186,15,car,good
864,25,male,1,rent,little,,2210,10,furniture/equipment,bad
630,28,female,2,own,little,little,3660,24,radio/TV,good
196,28,female,2,own,little,,1382,6,radio/TV,good
151,38,male,2,own,little,,1924,10,radio/TV,good
52,25,male,2,own,little,,1262,12,radio/TV,good
343,33,male,3,own,little,moderate,4439,18,business,good
217,23,male,2,own,little,rich,3913,36,radio/TV,good
446,34,female,2,own,little,little,1842,36,car,bad
499,28,male,2,own,moderate,rich,1323,6,car,good
3,45,male,2,free,little,little,7882,42,furniture/equipment,good
344,37,male,1,own,little,rich,3949,10,car,good
708,25,female,2,own,little,moderate,1206,9,radio/TV,good
994,50,male,2,own,,,2390,12,car,good
47,23,female,0,rent,quite rich,little,1352,6,car,good
871,46,male,2,own,little,rich,1343,6,car,good
860,27,male,2,own,rich,,5804,24,car,good
896,28,female,3,rent,little,little,2606,21,radio/TV,good
112,28,male,1,rent,little,moderate,6260,18,car,good
108,30,female,2,own,,little,7721,24,furniture/equipment,good
623,22,female,2,rent,little,little,1858,12,furniture/equipment,good
610,22,female,2,own,moderate,little,741,12,domestic appliances,bad
316,38,male,1,own,little,little,708,12,furniture/equipment,good
557,29,female,2,own,,,5003,21,car,bad
618,21,female,2,rent,moderate,moderate,3441,30,furniture/equipment,bad
696,29,male,2,own,little,moderate,1103,12,radio/TV,good
774,66,male,0,free,quite rich,rich,1480,12,car,good
846,68,male,2,rent,,,6761,18,car,bad
90,56,male,2,own,little,,618,12,radio/TV,good
321,32,male,2,own,little,little,1938,24,radio/TV,bad
206,43,male,2,own,little,,1935,12,furniture/equipment,good
30,36,male,2,own,rich,moderate,1913,18,business,good
190,54,male,3,own,rich,,4591,24,business,bad
50,29,male,1,own,,moderate,2333,24,furniture/equipment,good
241,51,male,2,own,little,,1595,6,radio/TV,good
642,40,male,3,own,moderate,,4623,15,education,bad
720,34,male,3,own,little,rich,1337,9,radio/TV,bad
958,45,male,1,own,little,little,4006,28,car,bad
853,32,male,1,free,little,little,1442,18,car,bad
960,30,male,2,rent,little,,1740,6,radio/TV,good
416,33,male,1,own,little,little,2579,12,car,bad
613,22,female,2,rent,little,little,3632,24,car,good
342,25,male,2,rent,quite rich,moderate,3213,18,radio/TV,good
502,49,male,2,own,moderate,rich,1126,9,radio/TV,good
271,37,female,2,rent,quite rich,,1402,12,furniture/equipment,good
437,37,female,2,own,rich,,1287,24,car,good
295,26,female,2,own,little,moderate,9960,48,furniture/equipment,bad
426,29,male,2,own,little,,2743,28,radio/TV,good
941,31,male,1,own,little,,1546,10,car,good
15,32,female,1,own,moderate,little,1282,24,radio/TV,bad
503,38,male,2,own,moderate,moderate,1216,24,radio/TV,bad
971,43,male,1,own,little,,7393,24,car,good
709,37,male,1,own,little,moderate,2118,9,radio/TV,good
791,41,male,3,own,,,6313,24,car,good
210,33,male,2,own,,,3074,9,radio/TV,good
240,29,female,2,own,,little,915,24,car,bad
